name	jga	right	wrong	slot_acc	slot_f1
smapling_exp_topk_bm_5_fs_5_0523_0315	0.72356599861783	1047	400	0.7073485372034082	0.6706600188479434
