name	jga	right	wrong	slot_acc	slot_f1
mixed_retriever_fs_bm_sample_topk_70B_0710_0628	0.5646164478230823	817	630	0.973208938032714	0.9193443964372667
bm25_10_all_sim_70B_0710_0037	0.5632342778161714	815	632	0.9719880211932748	0.9184294660450436
fine_tuned_sbert_70B_0710_0434	0.5590877677954388	809	638	0.9724717806956938	0.9146671518399949
mixed_retriever_fs_bm_topk_70B_0710_0822	0.548030407740152	793	654	0.9730246486984588	0.917260258425786
mixed_retriever_fs_bm_sum_topk_70B_0710_1026	0.544574982722875	788	659	0.9724948168624763	0.9162221912956924
bm25_10_all_sim_div_70B_0710_0241	0.5369730476848652	777	670	0.9688781386777269	0.9067664957081728
fine_tuned_sbert_topk_70B_0709_0937	0.5342087076710436	773	674	0.9716655148583302	0.9089362551132567
pretrained_sbert_70B_0710_1413	0.5245335176226675	759	688	0.9692467173462356	0.908130903250596
pretrained_sbert_topk_70B_0710_1220	0.48445058742225294	701	746	0.9664593411656319	0.9030075887228236
